Workbook

Sheet Dashboard
B2: RAG Chat-with-PDF — Project Plan
B3: 8 weeks · 1 hour/day · 56 tasks · Owner: Sirajul Salekin Nowshad
B5: Start date | C5: 46320 | D5: ← edit this; all task dates update
B7: Summary
B8: Total tasks | C8: =COUNTA(Tasks!F2:F57) -> 56
B9: Done | C9: =COUNTIF(Tasks!J2:J57,"Done") -> 28
B10: In progress | C10: =COUNTIF(Tasks!J2:J57,"In Progress") -> 9
B11: Blocked | C11: =COUNTIF(Tasks!J2:J57,"Blocked") -> 0
B12: % complete | C12: =IFERROR(C9/C8,0) -> 0.5
B13: Hours planned | C13: =SUM(Tasks!I2:I57) -> 56
B14: Hours logged | C14: =SUM(Tasks!K2:K57) -> 0
B15: Planned finish | C15: =MAX(Tasks!D2:D57) -> 46375
B16: Today's task | C16: =IFERROR(INDEX(Tasks!F2:F57,MATCH(TODAY(),Tasks!D2:D57,0)),"— outside plan dates —") -> Install dev tools
B17: Next not-done task | C17: =IFERROR(INDEX(Tasks!F2:F57,MATCH("Not Started",Tasks!J2:J57,0)),"All done!") -> Tune chunk size / top-k
B20: Progress by week
B21: Week | C21: Phase | D21: Tasks | E21: Done | F21: % Done | G21: Hrs logged | H21: Week starts
B22: 1 | C22: Setup | D22: =COUNTIF(Tasks!$B$2:$B$57,B22) -> 7 | E22: =COUNTIFS(Tasks!$B$2:$B$57,B22,Tasks!$J$2:$J$57,"Done") -> 7 | F22: =IFERROR(E22/D22,0) -> 1 | G22: =SUMIF(Tasks!$B$2:$B$57,B22,Tasks!$K$2:$K$57) -> 0 | H22: =$C$5+(B22-1)*7 -> 46320
B23: 2 | C23: Extraction & Chunking | D23: =COUNTIF(Tasks!$B$2:$B$57,B23) -> 7 | E23: =COUNTIFS(Tasks!$B$2:$B$57,B23,Tasks!$J$2:$J$57,"Done") -> 7 | F23: =IFERROR(E23/D23,0) -> 1 | G23: =SUMIF(Tasks!$B$2:$B$57,B23,Tasks!$K$2:$K$57) -> 0 | H23: =$C$5+(B23-1)*7 -> 46327
B24: 3 | C24: Indexing & Retrieval | D24: =COUNTIF(Tasks!$B$2:$B$57,B24) -> 7 | E24: =COUNTIFS(Tasks!$B$2:$B$57,B24,Tasks!$J$2:$J$57,"Done") -> 4 | F24: =IFERROR(E24/D24,0) -> 0.57142857 | G24: =SUMIF(Tasks!$B$2:$B$57,B24,Tasks!$K$2:$K$57) -> 0 | H24: =$C$5+(B24-1)*7 -> 46334
B25: 4 | C25: LLM & UI Shell | D25: =COUNTIF(Tasks!$B$2:$B$57,B25) -> 7 | E25: =COUNTIFS(Tasks!$B$2:$B$57,B25,Tasks!$J$2:$J$57,"Done") -> 5 | F25: =IFERROR(E25/D25,0) -> 0.71428571 | G25: =SUMIF(Tasks!$B$2:$B$57,B25,Tasks!$K$2:$K$57) -> 0 | H25: =$C$5+(B25-1)*7 -> 46341
B26: 5 | C26: Web UI & Chat | D26: =COUNTIF(Tasks!$B$2:$B$57,B26) -> 7 | E26: =COUNTIFS(Tasks!$B$2:$B$57,B26,Tasks!$J$2:$J$57,"Done") -> 5 | F26: =IFERROR(E26/D26,0) -> 0.71428571 | G26: =SUMIF(Tasks!$B$2:$B$57,B26,Tasks!$K$2:$K$57) -> 0 | H26: =$C$5+(B26-1)*7 -> 46348
B27: 6 | C27: Auth & Privacy | D27: =COUNTIF(Tasks!$B$2:$B$57,B27) -> 7 | E27: =COUNTIFS(Tasks!$B$2:$B$57,B27,Tasks!$J$2:$J$57,"Done") -> 0 | F27: =IFERROR(E27/D27,0) -> 0 | G27: =SUMIF(Tasks!$B$2:$B$57,B27,Tasks!$K$2:$K$57) -> 0 | H27: =$C$5+(B27-1)*7 -> 46355
B28: 7 | C28: History & Providers | D28: =COUNTIF(Tasks!$B$2:$B$57,B28) -> 7 | E28: =COUNTIFS(Tasks!$B$2:$B$57,B28,Tasks!$J$2:$J$57,"Done") -> 0 | F28: =IFERROR(E28/D28,0) -> 0 | G28: =SUMIF(Tasks!$B$2:$B$57,B28,Tasks!$K$2:$K$57) -> 0 | H28: =$C$5+(B28-1)*7 -> 46362
B29: 8 | C29: Evaluation & Deploy | D29: =COUNTIF(Tasks!$B$2:$B$57,B29) -> 7 | E29: =COUNTIFS(Tasks!$B$2:$B$57,B29,Tasks!$J$2:$J$57,"Done") -> 0 | F29: =IFERROR(E29/D29,0) -> 0 | G29: =SUMIF(Tasks!$B$2:$B$57,B29,Tasks!$K$2:$K$57) -> 0 | H29: =$C$5+(B29-1)*7 -> 46369
B32: How to use
B33: 1. Set the Start date (yellow cell) — every task date recalculates.
B34: 2. Each day, open the Tasks sheet, do that day's task, then set Status (dropdown) and log Actual hrs.
B35: 3. Editable cells on Tasks: Status, Actual hrs, Notes (light-yellow columns). Everything else is the plan.
B36: 4. Buffer days (every 7th day) are for catching up — don't plan new work on them.
B37: 5. Record retrieval / accuracy tests in the Eval Log sheet — it becomes your evaluation chapter.

Sheet Tasks
A1: ID | B1: Week | C1: Day | D1: Date | E1: Phase | F1: Task | G1: Steps | H1: Done when | I1: Est. hrs | J1: Status | K1: Actual hrs | L1: Notes
A2: T01 | B2: 1 | C2: 1 | D2: =Dashboard!$C$5+C2-1 -> 46320 | E2: Setup | F2: Install dev tools | G2: Install Node.js LTS, Git, Docker Desktop, VS Code. Run node -v, git --version, docker --version. | H2: All 4 tools report a version | I2: 1 | J2: Done
A3: T02 | B3: 1 | C3: 2 | D3: =Dashboard!$C$5+C3-1 -> 46321 | E3: Setup | F3: Create Next.js project | G3: npx create-next-app (TypeScript, Tailwind, App Router, src/). Create GitHub repo, first push. | H3: App runs on localhost:3000 and is on GitHub | I3: 1 | J3: Done
A4: T03 | B4: 1 | C4: 3 | D4: =Dashboard!$C$5+C4-1 -> 46322 | E4: Setup | F4: Postgres + pgvector in Docker | G4: docker-compose.yml with pgvector/pgvector:pg16 + volume. docker compose up. Run CREATE EXTENSION vector; | H4: Extension shows in \dx | I4: 1 | J4: Done
A5: T04 | B5: 1 | C5: 4 | D5: =Dashboard!$C$5+C5-1 -> 46323 | E5: Setup | F5: Set up Drizzle ORM | G5: Install drizzle-orm, drizzle-kit, postgres driver. DATABASE_URL in .env (add .env to .gitignore). | H5: drizzle-kit connects without error | I5: 1 | J5: Done
A6: T05 | B6: 1 | C6: 5 | D6: =Dashboard!$C$5+C6-1 -> 46324 | E6: Setup | F6: Define database schema | G6: Tables: users, documents, document_chunks (embedding vector(768)), conversations, messages. Run migration. | H6: 5 tables exist in database | I6: 1 | J6: Done
A7: T06 | B7: 1 | C7: 6 | D7: =Dashboard!$C$5+C7-1 -> 46325 | E7: Setup | F7: Gemini API test | G7: Get API key from Google AI Studio, store in .env. Script sends 'hello' and prints reply. | H7: Script prints Gemini reply | I7: 1 | J7: Done
A8: T07 | B8: 1 | C8: 7 | D8: =Dashboard!$C$5+C8-1 -> 46326 | E8: Setup | F8: Buffer / review | G8: Catch up on unfinished tasks. Clean code, update TODO.md, commit. | H8: Week 1 complete & committed | I8: 1 | J8: Done
A9: T08 | B9: 2 | C9: 8 | D9: =Dashboard!$C$5+C9-1 -> 46327 | E9: Extraction & Chunking | F9: PDF text extraction | G9: Install unpdf. Write lib/extract.ts returning [{page, text}]. | H9: Prints text per page for 1 PDF | I9: 1 | J9: Done
A10: T09 | B10: 2 | C10: 9 | D10: =Dashboard!$C$5+C10-1 -> 46328 | E10: Extraction & Chunking | F10: Test extraction on 3 PDFs | G10: Try lecture notes, research paper, scanned PDF. Detect empty pages / no-text PDFs. | H10: Scanned PDF flagged as 'no text' | I10: 1 | J10: Done
A11: T10 | B11: 2 | C11: 10 | D11: =Dashboard!$C$5+C11-1 -> 46329 | E11: Extraction & Chunking | F11: Text cleaning | G11: Normalise whitespace, fix hyphenated line breaks, drop page headers/footers if simple. | H11: Clean output on all 3 test PDFs | I11: 1 | J11: Done
A12: T11 | B12: 2 | C12: 11 | D12: =Dashboard!$C$5+C12-1 -> 46330 | E12: Extraction & Chunking | F12: Chunker | G12: lib/chunk.ts: ~600 tokens, 80 overlap, each chunk keeps page_number + chunk_index. | H12: Chunks print with page numbers | I12: 1 | J12: Done
A13: T12 | B13: 2 | C13: 12 | D13: =Dashboard!$C$5+C13-1 -> 46331 | E13: Extraction & Chunking | F13: Test chunker | G13: Small test with known text; log chunk count per PDF. | H13: Chunk counts look sensible | I13: 1 | J13: Done
... A57: T56 | B57: 8 | C57: 56 | D57: =Dashboard!$C$5+C57-1 -> 46375 | E57: Evaluation & Deploy | F57: Final review & demo rehearsal | G57: Tag v1.0 on GitHub, rehearse demo, send to supervisor. | H57: Demo-ready 🎯 | I57: 1 | J57: Not Started

Sheet Eval Log
A1: # | B1: Date | C1: PDF | D1: Question | E1: Expected page | F1: Top-5 pages returned | G1: Correct page in top-5? | H1: Answer cited correct page? | I1: Faithful (no invented facts)? | J1: Provider | K1: Response time (s) | L1: Notes | N1: Results summary | O1: Value
A2: 1 | B2: 46337 | C2: lecture-notes.pdf | D2: What is normalization in databases? | E2: 12 | F2: 12, 13, 4, 30, 11 | G2: Yes | H2: Yes | I2: Yes | J2: Gemini | K2: 2.4 | L2: Example row — replace with real tests | N2: Tests run | O2: =COUNTA(D2:D101) -> 1
N3: Retrieval hit rate | O3: =IFERROR(COUNTIF(G2:G101,"Yes")/COUNTA(G2:G101),0) -> 1
N4: Citation correctness (target ≥ 90%) | O4: =IFERROR(COUNTIF(H2:H101,"Yes")/COUNTA(H2:H101),0) -> 1
N5: Faithfulness | O5: =IFERROR(COUNTIF(I2:I101,"Yes")/COUNTA(I2:I101),0) -> 1
N6: Median response time (s) (target ≤ 5) | O6: =IFERROR(MEDIAN(K2:K101),0) -> 2.4
N8: Row 2 is an example (blue) — overwrite it with your first real test.
